<?xml version="1.0" encoding="gb2312" ?>
<SEGMENTS PROGRAMID="001">
    <SEGMENT ID="9">
        <COLUMN ID="41" VALUE="01" />
        <COLUMN ID="42" VALUE="02" />
        <COLUMN ID="43" VALUE="3" />
        <COLUMN ID="44" VALUE="4" />
        <COLUMN ID="45" VALUE="5" />
        <COLUMN ID="46" VALUE="6" />
        <COLUMN ID="47" VALUE="7" />
        <COLUMN ID="48" VALUE="8" />
        <COLUMN ID="49" VALUE="9" />
        <COLUMN ID="50" VALUE="10" />
        <COLUMN ID="51" VALUE="11" />
        <COLUMN ID="52" VALUE="12" />
        <COLUMN ID="53" VALUE="13" />
        <COLUMN ID="54" VALUE="14" />
        <COLUMN ID="55" VALUE="15" />
    </SEGMENT>
</SEGMENTS>
