<?xml version="1.0" encoding="gb2312" ?>
<SEGMENTS PROGRAMID="001">
    <SEGMENT ID="18">
        <COLUMN ID="1"  VALUE="12312" />
        <COLUMN ID="2"  VALUE="" />
        <COLUMN ID="3"  VALUE="123" />
        <COLUMN ID="4"  VALUE="3213" />
        <COLUMN ID="5"  VALUE="" />
        <COLUMN ID="6"  VALUE="00" />
        <COLUMN ID="7"  VALUE="" />
        <COLUMN ID="8"  VALUE="" />
        <COLUMN ID="9"  VALUE="0543" />
        <COLUMN ID="10" VALUE="" />
        <COLUMN ID="11"  VALUE="" />
        <COLUMN ID="12"  VALUE="34234" />
        <COLUMN ID="13" VALUE="2432" />
        <COLUMN ID="42"  VALUE="" />
        <COLUMN ID="43"  VALUE="32" />
        <COLUMN ID="44"  VALUE="34243" />
        <COLUMN ID="45"  VALUE="" />
        <COLUMN ID="46"  VALUE="2342432" />
        <COLUMN ID="92"  VALUE="" />
        <COLUMN ID="93"  VALUE="24" />
        <COLUMN ID="94" VALUE="232" />
        <COLUMN ID="95" VALUE="" />
        <COLUMN ID="96"  VALUE="" />
        <COLUMN ID="97"  VALUE="321" />
        <COLUMN ID="98" VALUE="1231" />
        <COLUMN ID="99"  VALUE="21" />
        <COLUMN ID="132"  VALUE="" />
        <COLUMN ID="133" VALUE="" />
        <COLUMN ID="134"  VALUE="1234" />
        <COLUMN ID="141"  VALUE="12321" />
        <COLUMN ID="142"  VALUE="4" />
        <COLUMN ID="143" VALUE="432430" />
        </SEGMENT>
</SEGMENTS>